{
  "n_cal": 3,
  "n_test": 3,
  "rows": [
    {
      "alpha": 0.05,
      "qhat": 9.268463774247948e-11,
      "coverage": 0.3333333333333333,
      "abstain_rate": 0.0,
      "n": 3
    },
    {
      "alpha": 0.1,
      "qhat": 9.268463774247948e-11,
      "coverage": 0.3333333333333333,
      "abstain_rate": 0.0,
      "n": 3
    },
    {
      "alpha": 0.2,
      "qhat": 9.268463774247948e-11,
      "coverage": 0.3333333333333333,
      "abstain_rate": 0.0,
      "n": 3
    }
  ]
}