{
  "cols": [
    "age",
    "csf_glucose",
    "csf_protein",
    "csf_wbc",
    "pcr",
    "microscopy",
    "exposure",
    "risk_score"
  ],
  "median": [
    23.5,
    37.0,
    135.0,
    500.0,
    0.0,
    0.0,
    1.0,
    4.0
  ],
  "mad": [
    11.0,
    20.5,
    57.5,
    240.0,
    1.0,
    1.0,
    1.0,
    2.0
  ],
  "mu": [
    0.196969696969697,
    0.6524390243902439,
    0.8478260869565216,
    0.9166666666666666,
    0.20833333333333334,
    0.16666666666666666,
    -0.375,
    1.2916666666666667
  ],
  "S": [
    [
      1.9652653012336805,
      0.0,
      0.0,
      0.0,
      0.0,
      0.0,
      0.0,
      0.0
    ],
    [
      0.0,
      4.448038176033935,
      0.0,
      0.0,
      0.0,
      0.0,
      0.0,
      0.0
    ],
    [
      0.0,
      0.0,
      4.732966220103559,
      0.0,
      0.0,
      0.0,
      0.0,
      0.0
    ],
    [
      0.0,
      0.0,
      0.0,
      4.8250301932367154,
      0.0,
      0.0,
      0.0,
      0.0
    ],
    [
      0.0,
      0.0,
      0.0,
      0.0,
      0.17210144927536225,
      0.0,
      0.0,
      0.0
    ],
    [
      0.0,
      0.0,
      0.0,
      0.0,
      0.0,
      0.14492753623188404,
      0.0,
      0.0
    ],
    [
      0.0,
      0.0,
      0.0,
      0.0,
      0.0,
      0.0,
      0.24456521739130435,
      0.0
    ],
    [
      0.0,
      0.0,
      0.0,
      0.0,
      0.0,
      0.0,
      0.0,
      5.346014492753623
    ]
  ],
  "use_diagonal": true,
  "tau": 24.863638192578783,
  "quantile": 0.999,
  "n_train": 24,
  "n_total": 30,
  "provenance": "fit on train split only (random_state=42, test_size=0.2, stratify=risk_label==High)"
}